id,gamma_0,gamma_1,gamma_2,gamma_3,gamma_4,beta_0,beta_1,beta_2,beta_3,beta_4
0,0.61913687,-0.58934790,1.04789507,-1.20955491,-0.99871296,1.56214845,0.59027267,-1.56370389,-0.29028898,-0.11210979
1,-0.55294615,0.53198820,0.13994223,-0.87671763,1.18048644,1.57913029,0.61204582,1.89481890,1.56938004,0.25927368
2,0.56817889,-0.53390753,0.30046713,-0.83256137,1.16376328,1.57984972,-0.89669687,1.85136402,1.57161331,0.24187152
3,0.59139234,-0.60422289,1.17865908,-1.03448796,-0.04929028,-1.57982004,-0.63008660,-1.58135772,-0.70147526,-0.53708512
4,0.57530099,-0.60267299,1.08154666,-0.00539632,-1.41206121,-1.59370637,0.73564368,-0.58941764,-0.96825075,-0.28451815
5,-0.57538372,0.53586954,-0.85091430,1.17321527,1.06169462,1.57238448,-0.62431377,1.55507636,0.27538362,0.14166750
6,0.62197286,-0.60800385,-1.15669239,1.13655901,0.59456766,-1.57447445,-0.95282537,1.54973304,1.20777357,0.11993735
7,-0.56876558,0.60663420,0.23518133,-1.17838931,1.17884064,-1.57447517,0.74717718,1.87660205,1.55600798,0.29065239
8,0.49629614,-0.48492545,-0.22281417,-0.77567387,-1.10689867,1.60666502,1.10984075,1.19388831,-0.18732919,-0.10857920
9,-0.63813353,0.64874524,-1.31985629,1.26719177,-1.46461618,1.57926500,0.70746839,-1.54907334,-0.30428839,1.42629409
10,-0.63649851,0.60090631,0.16305719,1.33056080,-1.05384099,1.55854523,-0.93184942,1.77025545,-1.60658288,-1.32316172
11,-0.66307616,0.65709615,-1.24237454,1.23017907,0.66333765,1.57244885,0.67202455,1.56573546,1.20694113,0.06349135
12,-0.51645774,0.52444506,0.33200303,1.04656136,-0.89326108,1.56929445,-0.78197020,-1.17869222,1.58513224,-1.23178291
13,-0.20357609,-0.50922668,-0.31569672,-0.47334802,-1.27887416,-0.30283111,-0.32232147,-0.47185460,-0.18755275,-0.14187171
14,-0.60271031,-0.00594562,0.59576076,-1.15644217,1.20714355,0.95499718,0.61064142,-0.61177421,-1.56994021,0.31202278
15,0.85486782,-0.84505004,-1.67723691,1.61882794,-1.77917898,-1.56816113,-0.82657140,-1.54724395,-0.39201385,-1.72503471
16,-0.75934607,0.76840234,-1.56633568,1.43786263,0.14915067,-1.58031476,0.74582547,-1.55355012,-0.66779441,1.89756024
17,0.36046371,-0.43970427,0.32259262,-0.21957408,1.27105653,1.65468860,-1.13838792,-0.90743977,1.32412386,0.22540699
18,0.57701653,-0.55621767,-1.21473134,0.98163879,0.33704364,1.56101727,-0.98346728,-1.54963124,-0.49046376,-1.33242488
19,-0.63221705,0.61453092,0.46613643,-1.45456898,-1.15592837,1.57400393,2.24965501,-1.43863750,-0.22084571,-0.18669434
20,0.60212213,-0.57610005,1.08216286,-0.00005141,-1.20307910,-1.57499444,0.58923662,0.66685605,0.92770875,-0.28128639
21,0.55908954,-0.54406089,-0.11316766,-1.10206842,1.01821995,-1.57384992,-0.75271165,-0.18717441,-1.55877745,1.28047979
22,-0.71617198,0.73264676,-1.46911442,1.36089075,0.29632947,-1.57171547,0.64076996,1.57778227,-0.51107532,-1.38644803
23,0.74960864,-0.73412961,-1.46883643,1.24496031,0.06094572,1.57242882,-0.98229426,1.57330275,0.53121650,0.73959142
24,-0.50574064,0.42560261,0.19993180,-0.68357730,-0.78593701,1.54736710,-0.90422499,-1.29652619,-0.19939545,-0.17136298
25,0.66777307,-0.48072752,-0.20142044,-0.59542966,-1.85580885,1.58300900,1.30495167,1.02631426,-0.18037142,-0.19076464
26,-0.50789994,0.48702157,-0.42416146,0.68525940,-1.08692276,1.58372951,0.79721677,-1.85629094,1.57597494,-0.25732520
27,-0.23308761,0.48736307,-0.35054454,0.15510824,-1.18520749,1.46109068,-1.77392602,0.45047954,0.55613995,-1.39518034
28,0.21909472,0.61316633,-0.08279283,0.39289883,0.75758529,0.31181630,-0.46732479,0.92271203,0.33573985,0.15980706
29,0.64277953,-0.67831546,1.31843257,-1.08176911,-0.06939798,1.56530249,-0.57076371,1.55942285,-0.75039095,-0.52322489
30,0.02937709,-0.57339358,0.61216760,-1.23235714,0.98021817,-0.47067991,1.56958723,0.60602802,-1.56017458,1.29833210
31,-0.55422652,0.54154199,-0.75973964,0.02300580,1.90561092,-1.56395793,0.80218047,0.87617999,-1.02772057,0.11347922
32,0.63410693,-0.65264761,1.31871200,-0.00542564,-1.13636827,1.56060755,-0.64949024,-0.95341092,-0.62774110,-1.26061189
33,0.45274732,-0.30839252,0.28873926,0.84752393,1.33266723,-1.59117973,-0.99491197,0.35745946,0.23212036,0.15307713
34,-0.61117059,0.60588551,1.23856294,-0.01708676,-1.22752929,1.56519365,0.92800248,0.43456355,1.14893115,1.88863993
35,0.19058001,0.54197830,-0.18206315,0.64325619,-1.84187794,0.32026809,-1.80655909,-0.72678989,0.16269480,-0.14593671
36,-0.61601603,0.57219565,-0.24890052,1.23011732,-1.15503097,-1.57138884,0.81120157,1.26058578,1.57968116,-0.31630182
37,0.70433205,-0.71541053,1.52874827,-1.28380549,-0.10189648,1.56317675,-0.62398762,1.56839550,0.89264989,0.98423886
38,0.20870315,-0.69339293,0.26909864,-0.28224280,0.90650713,0.13406621,1.65289998,0.88219851,-0.22486842,0.14914416
39,-0.64196968,-0.48371840,1.14344430,1.20026100,-1.34789026,1.56376982,0.00270336,-0.92418867,-1.53881836,-0.32077214
40,-0.43615535,0.48194620,0.31426862,-0.99755883,0.92739755,-1.56949604,-0.89623874,0.37075701,1.56458914,0.44136173
41,-0.36881578,0.55292428,-0.10072710,0.58071524,0.79217750,1.54146624,1.14980686,-0.48940763,0.22172175,0.14090045
42,-0.62000614,0.57458800,0.06216000,1.24759591,-1.14196980,-1.56637025,-0.98641938,-1.26416874,-1.56586909,-1.26803303
43,0.36765918,-0.35931560,0.32437819,0.80847394,-0.13463666,-1.49401689,-1.16009808,0.41369456,0.98385149,-0.78804779
44,-0.74623561,0.73422813,1.35675120,-1.30295110,0.45608425,1.56921256,0.94800991,1.54274058,1.81797123,0.11888172
45,0.60037464,-0.81657785,0.24391000,1.12752140,-1.19131804,-1.58952057,0.04209077,0.60598183,-1.55774879,-0.30698690
46,-0.68304163,0.53849202,0.24643910,1.65098643,0.23854581,1.55322397,-1.12810850,0.38152459,0.34710565,1.21205580
47,0.61234510,-0.59502172,1.27977645,-1.14580822,0.75927782,1.57297647,-0.66359478,1.54653120,0.23942651,-1.43934929
48,-0.55166411,0.55517542,-1.15454435,0.01155819,-1.22635293,-1.57392383,0.73869783,-0.50480044,1.92625260,-1.45031381
49,0.36149770,0.81880027,-1.29075050,-0.36134925,-1.92300880,1.56890523,-0.00012337,-0.64531183,-0.35624442,-0.23107229
50,0.59313643,-0.59913015,-1.16166639,1.19311619,1.12748575,1.56359649,0.97425908,-1.57214117,0.31317559,0.08114260
51,1.46726942,-0.68934792,-0.76928574,1.33655858,-1.39828932,1.55815268,1.56949198,-0.82860845,1.58720028,-0.37110689
52,0.47019377,-0.42826983,-0.24415167,0.94571912,-1.89908779,-1.55695045,1.03846955,1.30754900,0.11260041,-0.11141033
53,0.63009173,-0.63037086,1.03766274,-1.19871557,-0.59741813,-1.57338941,0.66297489,1.57540035,-0.28699949,-0.13777761
54,0.51745701,-0.50361979,0.27944764,-1.00849521,-0.33700255,-1.58011723,2.20875096,-1.32787383,-0.26235440,-1.26416039
55,-0.69853705,0.63363087,0.08932508,-1.34579527,1.43434560,-1.57173681,0.32787651,-0.93911284,1.56839395,0.32224885
56,-0.47147521,0.47575456,1.89056957,0.80218601,-0.82027745,-1.55718768,-0.76453555,-1.88025439,-1.39284325,-1.78291667
57,-0.66521281,0.66957432,-0.10665414,-1.34029400,1.31047297,-1.56434643,-0.69459045,1.30124855,1.57798147,-1.87623513
58,-0.63579923,0.63387632,1.17792261,-1.32077575,0.34299085,1.57058835,-0.91595995,-1.55718911,1.06209898,1.77444029
59,-0.62802780,0.93531352,-0.28197598,-0.75336891,-2.05220532,-1.56501615,-0.22666489,-0.68940389,-0.00949734,1.39813983
60,0.61786878,-0.61241740,-1.18514705,1.20333886,0.44238183,1.57049859,0.81279868,1.56876981,0.34124210,0.06984159
61,0.77096897,-0.77429628,-1.53517377,1.33360958,-1.33213973,1.55841982,-0.93197817,-1.55477417,-0.32248285,-1.43694758
62,-0.56678385,0.57670981,0.37420896,-1.10277355,-1.17589152,-1.56253278,0.69743955,-1.35459828,1.50009036,-0.12692077
63,-0.66062832,0.68537408,-1.39778197,1.42839181,-0.46575823,-1.57583928,0.66202730,-1.56195033,-0.20858046,-1.72228634
64,0.62404358,-0.60937494,-1.28236997,1.21066833,1.88782597,-1.57248068,-0.97707808,-1.57044244,-0.34511372,1.47013462
65,-0.46076810,0.42350304,-0.39717469,1.12199593,0.89614826,-1.56201220,0.86678171,-0.14282109,0.14244151,0.15149331
66,0.59454423,-0.69424969,-0.22969040,1.25561666,-1.24954450,1.56082726,-0.60038078,-1.84855592,1.57863164,-0.36342180
67,0.60257185,-0.59682834,-1.31735778,-1.21704805,1.11103165,-1.56634271,0.76825494,-1.25851405,-1.57043970,-1.26919079
68,0.53684855,-0.51072204,0.25990117,-1.02555656,1.06541085,-1.58820784,-0.81637675,-1.32000732,1.55113935,0.27513352
69,0.23025170,0.74010724,-0.07651369,0.34811157,1.15729177,0.28124952,-0.50417572,0.96949577,1.92527843,1.43258071
70,0.53135926,-0.49634200,0.25807020,-0.79730970,1.15174794,-1.58043170,-0.91106629,-1.22900367,1.55017006,0.25256908
71,-0.51418102,0.53473175,0.31519410,1.09020376,-1.04903400,1.57127941,0.75790936,0.35037261,-1.56832063,-1.21364236
72,0.44698566,-0.45926207,-0.27081192,0.59406632,-1.03822863,1.56041276,-0.69027221,-1.83871710,1.63403583,-0.15615416
73,0.65783471,-0.67221034,-0.07493336,-1.29769874,1.30758858,-1.56924331,-0.67761368,-0.12726808,1.56530333,1.18351412
74,0.24586879,0.68044651,-0.93305779,-0.20080698,0.67408299,1.67020237,-1.57025361,1.05396986,1.17718244,0.16467445
75,-0.80794489,0.77608287,1.41149473,-1.35338402,-0.72192645,1.56852806,0.98511034,-1.59474111,1.94706762,-0.14126253
76,0.66346943,-0.68759656,1.43857419,-1.20424044,-0.16945975,-1.56958222,-0.62316322,1.54955256,0.67087078,1.20366943
77,-0.63909221,0.61517674,1.31061065,-1.14723611,-0.32256579,1.57037139,0.93210161,1.56066906,0.51099449,-1.78903568
78,0.14846359,0.38836050,0.25761265,-0.15882434,-0.73615044,0.34659609,0.38627851,-0.92286015,-1.79374039,-0.10767958
79,0.54529941,-0.53838408,-0.22236125,0.55811012,-1.68945873,-1.56713736,-0.70773834,-0.15015200,-1.41979051,-1.41952872
80,-0.56244922,0.54477727,1.75243819,-0.05551321,1.08018816,-1.55892003,-0.79793900,-1.36528933,-0.19324289,0.15898114
81,-0.39892995,0.32362580,-0.46045360,1.13689327,0.74352115,1.57664442,0.90745461,-0.21260872,0.15669923,0.17556515
82,0.66276401,-0.64584643,1.17990673,-0.01010730,-1.32252502,-1.56323993,0.67034012,-1.03457570,-0.52810222,-0.33256087
83,0.65370589,-0.04171465,-0.63217396,-1.24700725,1.35437095,1.58967638,-0.01948381,0.93223262,1.59404254,0.29534256
84,0.66122907,-0.67427772,-1.50013757,1.09509289,-1.55660105,-1.55938089,-0.90923947,1.53693891,-1.82909369,-0.18706800
85,0.69777066,-0.74890363,1.02448034,-1.16080034,0.85726565,-1.58083773,0.70828187,-1.53600121,-0.26405618,0.19521096
86,-0.46376270,0.51763743,0.47090697,-0.11152670,1.20464635,1.56642878,0.66205502,-1.04981434,1.32061541,0.13787839
87,0.68788409,-0.68330693,-1.48248422,1.35578644,0.80849701,-1.57413268,-0.96750981,1.56014991,-0.42126900,-1.40209281
88,0.46002841,-0.36919692,0.42995730,1.14034235,1.14302731,-1.58535838,-0.89715928,0.29998541,0.19670139,0.18686841
89,0.64002949,-0.64999878,-1.05179632,1.19345820,0.59659106,-1.57444298,1.02623725,-1.58921504,0.29495257,0.16191925
90,-0.74331564,0.74651152,-1.51541650,1.59048665,-0.89505047,1.56898272,-0.89122230,-1.60519528,-1.05878615,-1.68745136
91,0.51055318,-0.50982839,-1.00192213,1.08539474,1.75220156,-1.56165361,0.91454238,1.57822740,-1.31272531,1.72349691
92,0.59796655,-0.60098577,-1.17554498,1.14338768,0.02981502,1.57697749,-0.92440838,1.57460165,0.86751372,0.37457737
93,-0.18608585,-0.44578135,-0.29028395,-0.50090158,1.54852653,-0.31846789,-0.35994956,-0.44963503,1.43098354,1.44175994
94,0.48189601,-0.39627776,0.33563781,0.94085550,1.07593942,-1.59529495,-0.97645950,0.29658270,0.20946452,0.16569389
95,0.69627804,-0.68045187,-0.18483062,-1.09052539,1.38322043,-1.56388545,1.06711400,-0.14830855,1.55788851,0.30260944
96,0.64288342,-0.62025839,-0.22714332,0.08040364,-1.04699492,-1.58587980,1.18065333,-1.00032091,-0.95155603,-0.11834463
97,-0.49769643,0.53252697,0.25068170,1.10005534,1.71254444,1.57899785,0.63454968,-1.35064995,-0.06877199,1.40179420
98,-0.66474712,0.67858309,-1.20456457,1.14155841,0.69707280,1.57665718,0.58081496,-1.56742108,1.23455977,0.11422252
99,-0.42859718,0.45916691,-0.39028311,-1.22238159,0.08851846,1.55008352,0.84700269,-0.21631761,-0.89681882,0.77226961
100,0.45360339,-0.47204593,-0.42055705,-0.84609389,-1.12317896,-1.57831478,-0.74022144,-0.19976223,-0.14408417,-0.12775482
101,-0.18876155,-0.39507303,0.60259062,-1.20115149,1.10659730,0.00374861,-1.57241786,0.60017651,1.56140625,1.26867759
102,-0.72726643,0.72181755,-1.33447909,1.53881025,-0.07008571,-1.57270312,-0.61648327,1.53805983,-0.35676843,0.65325463
103,-0.29359299,-0.86696798,-0.25104210,0.95053780,1.54035008,-0.25344005,-0.44788840,-0.46039826,0.21620357,0.17985144
104,0.64068741,-0.63111442,-1.03994262,1.24772179,0.72074193,-1.58243334,1.02998936,1.56493294,0.33528259,0.17861539
105,-0.57779729,0.59794450,1.01726878,-1.15475571,1.26603162,-1.56086612,-0.99465245,-1.59299743,-0.24002405,0.10813905
106,0.55646551,-0.52461207,0.38834023,2.03914022,0.08674628,1.56854200,-0.87528968,-1.33536947,0.91240728,0.55099535
107,-0.53329718,0.57514054,-0.36187252,1.13003552,-0.08582109,-1.56790841,-0.64411396,1.42120516,0.98613703,-0.79597878
108,-0.53641480,0.60471988,1.50152159,-1.44712043,-0.26733691,1.57063866,0.81353736,-1.54547107,0.58562720,1.15375090
109,-0.19223179,-0.52844173,-0.46836752,0.11288017,-0.84553933,-0.31126961,-0.24298173,-1.01677012,0.51719701,-0.15259477
110,0.47889212,-0.52059466,-1.86103237,1.48893857,0.64614230,-1.54306114,-0.86935544,1.54173779,-0.05420799,1.87176263
111,-0.45905140,0.45503262,-0.50432664,0.93046087,-0.96004897,-1.57264972,-0.75472003,-0.37237358,1.57565022,-0.39941093
112,-0.35383087,0.21166405,-0.30866027,-0.53585565,-0.85001004,-1.47557247,0.94457841,-0.29965794,-0.18966243,-0.13407256
113,-0.01360029,0.62921226,-0.63236845,-1.26994741,1.21304858,0.94985098,-1.56762409,-0.92945158,-1.55914474,1.24667192
114,0.57227850,-0.54737270,-0.21135239,0.66044122,-0.70845044,1.58594990,-2.15463042,1.26869428,-1.40846539,1.45134008
115,0.74120039,-0.76141304,-1.41583526,1.50593555,-0.71688390,1.56923783,0.92085379,-1.55600250,0.35081410,-0.06230491
116,0.74622428,-0.72767431,1.26653385,-1.29886723,0.76771224,1.56857073,0.67923385,1.57111025,-0.42154416,0.14689662
117,0.81705636,-0.59110755,1.08452606,-1.17251039,0.18019822,1.52858126,0.69947982,-1.47486162,-0.94659048,0.81989688
118,-0.55603743,0.57679307,1.10697508,-1.21206927,1.22318697,1.56589317,-0.96332824,-1.52643383,1.26304710,1.67897868
119,-0.67988825,0.69028085,-1.21932995,1.07298243,-0.29707345,-1.57255435,-0.58756953,-1.59571874,0.55264843,-0.32041857
120,-0.51381075,0.39836022,-0.32656670,-0.81926465,-1.26847351,-1.54907942,0.96101999,-0.31225789,-0.18853284,-0.12611851
121,-0.64699340,0.60991037,-0.27760753,1.19082332,-1.25882840,1.57208514,0.77955323,1.16857898,-1.57222795,-0.36096904
122,-0.37779787,1.24731326,-0.68579042,-0.14268117,2.16035199,-1.59512055,-0.02035313,1.20231593,-0.41703597,0.24040730
123,-0.61822528,0.68463534,-0.98197621,1.26200354,0.57626814,-1.55850184,-0.76865500,1.54749346,0.23878938,0.17804988
124,0.67403728,-0.62917501,-0.16506386,-1.40070879,1.27202165,-1.57897103,0.96121585,1.24642229,-1.60787868,1.30453265
125,-0.40816444,0.41891074,-0.22532354,-0.52158910,-0.61841279,1.55177546,1.03890538,-0.36112353,-1.85568583,-1.40443420
126,-0.18784884,-0.45310938,-0.32359251,-0.53517711,-0.98337525,-0.32353294,-0.35157865,-0.41624489,-0.20596297,-0.12541081
127,-0.60189652,0.57840461,-1.09594691,1.24879420,-0.31196618,1.57847226,-0.66480887,1.56618464,-1.05223560,-1.80726337
128,-0.54245919,0.56348073,0.27716106,1.16519177,-1.01123250,1.56541955,0.73265767,0.29833108,-1.56747580,1.84456992
129,0.66666746,-0.71524292,0.11961772,-1.32742655,1.48237908,-1.57335293,-0.92884839,-1.31853998,-1.59242344,0.26041627
130,0.19829106,0.50728190,0.38515460,0.54326230,-0.11540811,0.30080652,0.27427289,0.36676246,-0.89203012,1.10431015
131,0.61981469,-0.60461330,-0.27417609,-0.83430624,3.02405620,-1.54301178,-2.08039331,1.21558678,-0.24345647,0.19075081
132,-0.53002667,0.54479313,0.85409200,-1.16659164,1.92794633,-1.58469403,-0.93310744,-1.59633791,-0.35142332,0.20022368
133,0.62351090,-0.65915668,0.21847448,-0.18956862,-1.24806106,-1.55567527,0.46110585,0.64226282,1.22903168,-0.08086964
134,0.51851606,-0.52724117,0.34137517,0.54715711,1.73157716,1.58062398,0.65539950,0.24287248,1.56073630,0.17100905
135,0.43632030,-0.41546786,0.59044993,0.90610635,0.91659755,-1.57750165,-0.76704985,0.15628214,0.10823468,0.12738824
136,0.64762223,-0.67108822,-1.31618190,1.34494364,0.53218246,-1.58062661,1.01565838,-1.59551740,-1.33912814,1.71532965
137,0.51680738,-0.59792942,0.07499409,-1.03175759,1.26722884,1.56281328,1.87772334,-0.93042421,1.54923475,0.26044834
138,0.56875372,-0.57902020,2.54197097,2.68830085,-1.92243958,-1.55055964,0.74998009,-0.04870255,0.16494395,-1.42837119
139,0.51056582,-0.56704414,0.23783715,1.13674128,1.25261664,1.58297825,-0.95611268,0.28806624,0.15784025,0.17917284
140,0.36077604,0.03143368,-0.48437691,-0.34680262,-0.74382895,0.25169793,1.31864166,-0.57472354,-0.31773841,-0.15381053
141,-0.42749673,0.34691572,-0.43825769,-0.84317034,-1.02761340,1.61507845,0.83843631,-0.28244227,-0.19306940,-0.16056383
142,0.68285853,-0.64626026,-0.15449141,1.13999128,-1.32363939,1.57680964,1.03192484,-0.41824171,-1.56944597,-0.30788535
143,-0.49779776,0.47896788,-0.32522818,-1.05813122,0.62183321,1.57778394,0.82212454,-0.23715341,1.58893716,1.37100983
144,0.79036629,-0.78746754,1.42552805,-1.35357678,-0.89017284,-1.56875598,-0.62562680,-1.56678486,1.89281905,-0.13381167
145,-0.66553992,0.58538735,0.18721522,-1.66285920,1.26948631,1.55432832,0.42344907,0.34222427,-1.61133754,1.23624933
146,0.26335958,-1.10563004,-0.62677294,0.21879952,0.53693724,0.17114094,-0.20798598,0.53284043,-1.19189286,0.15633841
147,-0.58037758,0.54123622,-0.33184385,-1.09831142,1.22119522,-1.57233024,0.80462807,-0.36295235,-1.54746556,1.22066045
148,-0.56317997,0.50108683,0.27301124,1.00480592,0.98859364,-1.58543873,-0.96394920,-1.29293621,0.14713739,0.15840761
149,0.46988085,1.47485685,-1.03374672,1.72546363,-0.13846153,0.42844698,-0.06167034,0.36701772,0.83106297,2.45509315
150,-0.15052475,-0.64044315,0.38453725,0.19914864,2.75883102,-0.36992022,-1.52202570,0.69146752,0.16199185,0.17231913
151,0.53218585,-0.62455553,0.12917398,1.19792640,-1.34489477,-1.56659019,1.59481943,-0.87903351,-1.57207859,-0.32837334
152,-0.44664338,0.37477306,-0.29242679,-0.73351049,-1.14180720,-1.54574227,0.89118183,-0.24936597,-0.20080970,-0.11670728
153,-0.51014024,0.52621633,0.94308376,-1.18651485,2.05915809,1.56444061,-0.90963155,-1.58235908,1.35624015,-1.39471853
154,-0.24730091,-0.65402508,0.21888520,-1.26572347,0.79857367,-0.29256269,-1.22661221,0.51785618,-1.53650796,1.28867388
155,0.61078435,-0.87974548,0.19910745,-0.41952512,-1.15465856,1.58199036,0.27780259,0.71147555,1.37215495,-0.12078760
156,0.61699325,-0.60213393,-0.91774893,1.22150266,-0.09257571,1.56667936,0.83251685,-1.57941806,-2.03244090,-0.79329145
157,0.19580163,-0.65583253,-0.49381211,-0.31570902,-2.09993553,0.16978720,-0.20129365,-0.40358776,-0.38218379,-0.16481858
158,0.22954981,-0.36870891,0.47849059,-0.16879465,1.15134048,-1.36655235,1.75465262,-0.50590008,-0.47169179,1.41827440
159,1.47393703,-0.57970667,-0.88968331,-1.78445244,1.75718558,0.00114991,-1.57010758,-0.98409724,-1.57397664,1.26891959
160,0.60857075,-0.60754919,-1.12992823,1.09291065,-0.47656617,1.56991565,-0.97789955,-1.56529760,-1.84462702,-0.09324795
161,0.37215826,-0.41707000,-0.48672497,0.09179422,-0.83446932,1.55928826,-0.63195091,0.26495141,-0.52885211,-0.12111201
162,-0.43411189,0.31394675,-0.44858268,-1.56427574,-0.82008010,-1.54100871,0.95039797,-0.27472386,-0.23274153,-0.25576445
163,0.58462530,-0.72284639,0.09602689,-0.54518372,0.27948087,-1.57211518,-1.21436167,0.59509015,1.19660723,-1.30424094
164,-0.77956492,0.74291307,-1.01833820,-0.55459577,1.42922509,-1.57824779,0.84026533,-0.00261963,-1.53774166,1.14960611
165,0.55128717,-0.55230749,-0.62606031,-2.72875953,1.36675632,-1.56929541,0.82596135,-1.72314692,-0.13368745,-0.11985620
166,0.55995297,-0.57285684,-0.21507128,-1.08932614,1.13187230,1.57678819,-0.74058360,-0.18457848,-1.58734536,-1.87578368
167,0.66027379,-0.70169318,-0.28315210,-0.72792435,-0.89682227,1.58371782,1.08190560,1.27385151,-0.18773206,-0.13252524
168,-0.55981755,0.50927484,-0.28151178,1.00696385,-1.07514524,1.55660987,0.77276504,1.19336307,1.55683637,-0.32220230
169,0.60133922,-0.58320045,0.57938975,-1.26020014,0.07394685,1.57363772,0.60909820,-1.48543501,-0.78813857,0.62254047
170,-0.50835037,0.50552458,-0.97415197,0.78007752,-0.85565209,-1.56513977,0.68179816,1.55697918,1.28883231,-0.14183146
171,0.43070719,-0.45308426,0.63437057,0.49807796,-2.17193818,1.56927955,-0.75633603,-1.35416961,-1.63767314,-0.20846581
172,-0.33847424,0.47634232,0.32880327,-0.14053762,0.90843534,1.56457496,0.45628193,-0.79770875,1.19353235,0.13945203
173,0.49450243,-0.54236859,-1.26707566,0.99643940,-1.04709327,-1.54175794,0.70735806,-0.49995568,1.56473386,-0.45005611
174,0.74708188,-0.95738727,0.15268280,-0.46876675,-0.97357559,1.59246194,0.41307086,0.58923066,-1.76988292,-0.16420786
175,0.27426651,0.71876609,-0.21016683,-0.52442425,-1.32972026,0.26317516,1.22832513,-2.06891155,-1.52323890,-0.21670555
176,-0.70795149,0.71471429,-1.43653989,1.19727337,0.06667729,-1.56655633,0.71411854,-1.54758310,0.60256451,0.63332134
177,-0.39289001,1.06550789,-0.63309252,-0.20401646,0.60163778,-0.01413510,-1.57468069,0.98709846,-0.35499629,-1.42359138
178,-0.44573581,0.33446807,-0.38847679,0.12216838,-0.87528503,-1.56934738,1.02891517,0.81122470,-1.15123355,-0.11200972
179,0.23841009,0.75947160,-0.26123926,-0.99284095,1.40610814,0.28538579,1.26678634,0.96072084,1.60275841,0.29771477
180,-0.74280787,0.77362722,-1.47395980,1.34397149,-1.27589858,1.57481396,0.62626451,1.54396927,-0.34963971,-1.47998726
181,-0.46728110,0.52130520,0.31590846,0.97367275,-0.97154486,1.58027494,-0.83078843,-1.24123454,1.56472766,1.90170574
182,-0.49639291,0.46619743,-0.64381683,-1.10021293,-1.10871911,1.58514500,0.82934397,-0.22608687,-0.17299232,-0.13793233
183,-0.65093976,0.65568942,-1.15048635,1.18397856,-0.57011747,1.56913280,-0.65549284,1.52974772,0.35285026,-0.22299115
184,0.57981044,-0.60548103,-0.89055294,-1.54440618,-0.97044134,1.57258403,-0.77654243,-0.13944939,-0.20298816,-0.15755743
185,0.61802357,-0.61952150,-1.25181997,1.23545957,1.56972480,-1.57152331,0.95192879,1.54702044,1.85743809,-1.52269328
186,0.65539455,-0.64603198,0.02223718,-1.36640871,1.22631395,1.57198381,-1.37102985,0.51190841,-1.53400338,1.23800468
187,0.27215645,0.73289794,-0.24120086,-0.82880414,1.50338221,0.27815902,1.19977331,-2.09199953,1.59492910,0.23319721
188,0.68264008,-0.66013718,1.34494925,-1.38153315,-0.97555459,-1.57866824,0.58333337,-1.55701041,1.28897607,1.45738339
189,0.65512925,-0.62929219,1.07105196,-1.24335325,0.08494719,1.56740832,0.65853208,-1.55752861,-0.85498667,0.55041784
190,-0.49114326,0.56960881,-0.11670978,-2.48991537,1.91856742,-1.57325244,-0.38984990,-0.35001364,-0.13374063,-1.69329357
191,0.57658291,-0.54123574,-2.36736774,-0.17672993,1.75250638,1.57562542,0.73452473,-0.34340283,-1.13378239,0.19108766
192,-0.62441653,0.63277107,1.08879614,-1.22181273,-0.87741828,1.57533956,-0.92094982,-1.55577779,-0.29797301,-0.12927431
193,-0.56064987,0.52662081,-0.30126369,0.85002053,-1.12152374,-1.57147491,0.85905337,1.31299806,-1.55781710,-0.22448035
194,-0.41709492,0.66908836,-0.17547195,0.50623602,2.43218803,1.53338635,1.27708387,-2.20451212,0.20311467,1.39435613
195,-0.66593897,0.66680598,-0.25468466,1.15631843,-1.37051463,-1.56714261,-0.75310707,-0.38890815,-1.55336750,-0.31264982
196,0.49315050,-0.50640529,0.31287220,0.93104440,-1.00092876,1.57256949,-0.78790665,0.16519429,1.59139085,-1.30730605
197,0.45418796,-0.46111467,0.93569183,-0.54088295,-1.03877139,-1.57255173,-0.72023946,1.64460111,-1.30642188,-0.14256322
198,-0.54388654,0.57021546,-0.96235204,1.32386899,0.26221988,-1.58906209,0.67652833,-1.18555629,-0.42038065,-1.27961171
199,-0.52133501,0.49645621,1.11168015,-0.90082526,-0.29775700,1.57646990,1.01841462,1.55512655,0.50682133,-1.79512382
200,0.56662953,-0.56637496,-1.13771999,1.12945259,0.00731196,1.56887197,-0.98908967,-1.57889807,-0.65551847,-1.20251298
201,-0.53295118,0.53834486,0.78772610,0.83962494,-0.41280228,-1.56344485,0.81477916,1.60539329,0.24874251,1.43828154
202,-0.65001303,0.65594101,1.17511010,-1.27193010,0.07845235,-1.56616521,-0.90973216,1.57343435,-0.68469638,0.33576906
203,0.18249799,-0.59176838,-0.41888556,-0.35365790,1.07059526,1.71534646,-0.27960488,-0.53831893,-0.25863689,0.11000361
204,0.63824928,-0.65714651,-1.39252174,1.37880218,0.68388063,-1.56225097,-0.80798244,1.61745942,-0.45154148,-1.33930123
205,0.19820479,0.55867267,0.41770497,-0.13881311,0.93476295,0.30119383,0.23129173,0.94861835,1.10848582,1.43773842
206,0.53442186,-0.57683355,0.42677149,0.97041601,0.97197926,-1.56313956,0.64152467,-1.30596137,0.14938782,0.13871478
207,-0.45096987,0.45467493,0.50099361,0.77714646,0.75505042,1.57360911,0.82785577,0.14272840,0.14990500,0.12136818
208,0.03281122,-0.69718289,0.72061700,-1.36752152,1.43641114,0.77347928,-1.57637489,-0.64154631,1.58310437,0.33164862
209,0.16891927,0.63102221,-1.00757694,0.18526319,-0.94506407,-1.46998656,1.57206988,0.50780100,1.94698167,-0.15876126
210,0.54828781,-0.56206048,1.13018131,-1.07233107,1.91434300,-1.56418109,-0.56982064,1.56663764,-1.30122781,-0.02848109
211,-0.66450787,0.63016510,1.09934795,-1.14423776,-0.31840467,-1.57116497,0.90153849,-1.56713521,-1.10275614,-0.20963460
212,-0.13399705,-0.82602406,0.88732320,0.25682935,-0.58041805,-1.74180126,-1.57565928,0.44941446,-1.05423510,1.39818370
213,0.79956168,-0.76331574,-0.15839627,-1.24604058,1.58694601,-1.56470358,1.15079689,-0.23262215,1.55516160,0.28411394
214,-0.53681719,0.55281478,-0.29311129,0.72341859,-1.18528378,-1.57351553,-0.65224624,-0.28943837,-1.54252470,-0.21535096
215,-0.27987227,0.93955112,0.29979527,-0.96372586,-0.76790875,-0.16551001,0.42127812,0.49484694,-0.17803210,-0.21800840
216,0.20204620,-0.60362780,0.09741062,-0.36564279,-0.62428087,-1.45817709,-1.23565412,0.71724486,-0.33076605,-0.18278493
217,-0.72863287,0.67595154,0.35118130,1.98520863,1.06069887,-1.57210600,-0.95036238,0.21411528,1.44131076,0.04522817
218,-0.57311773,0.59855622,0.30885541,1.68155766,0.38144451,1.52597785,-0.93718994,0.35253844,-0.29725391,-1.32048976
219,0.52510929,-0.54847753,-0.27505463,-0.83896869,1.10528386,1.57008243,-0.91572863,-0.08673544,-1.57140911,-1.86339653
220,-0.56485301,0.62476641,0.24736775,-0.30570459,1.61812735,1.52394331,0.49763075,-0.92491573,-1.78281653,0.14895177
221,0.56427145,0.38213101,-0.93897313,-0.73296714,1.15614104,-1.58560145,0.00788614,0.88145792,-1.61104846,0.22785880
222,0.46831080,-0.44560575,-1.45181334,0.92820281,-0.90762949,-1.57172120,-0.78500170,-0.34976047,-1.57459903,1.22446311
223,-0.52558821,0.55834669,0.54195052,0.73808432,-0.99835300,-1.55610609,-0.77663392,0.34046724,1.55687928,0.31926242
224,0.64882779,-0.66241819,-1.24925196,1.35229039,-1.63015115,1.56722462,0.94078696,1.56588590,-1.24458385,1.65999496
225,0.64416140,-1.13102055,0.51114321,1.12054670,-1.32674181,-1.59096277,0.00804257,0.63955122,-1.55232847,-0.29527673
226,-0.51312876,0.50772446,-0.35305831,1.00247729,-1.02543795,-1.57328141,-0.75121331,-0.34204751,-1.57322073,-0.37687939
227,0.59126443,-0.58653224,-1.10503507,0.76757568,-0.81628650,1.56653023,-0.93893516,1.58294308,-1.87284636,-0.18030228
228,-0.60791272,0.60972333,-1.25444567,1.22121894,0.20392723,-1.57428145,-0.60502326,1.58012462,1.79403830,-1.48064756
229,0.64393848,-0.64334112,-1.41772592,1.29531503,1.40766370,1.56710160,-0.73634613,-1.54063880,-0.38817286,1.42158389
230,0.20793979,0.59861577,-0.21869352,0.62258387,-1.21926486,0.29018515,1.25762939,0.93083280,1.54865611,-0.27938926
231,0.69844860,-0.71443468,-1.50854099,1.33293021,0.17116700,-1.56942391,-0.99995816,1.54788363,-0.63938379,-1.24187934
232,-0.24278985,1.01997554,-0.57790411,-0.22952494,0.85192561,-0.12333288,1.54717565,-2.09959126,-0.42602703,1.72357321
233,-0.56877846,0.44336209,0.15435947,-0.77721745,-0.82819146,1.56149948,2.13410807,-1.25898147,-0.20180970,-0.18078937
234,0.68058938,-0.62715834,1.27838743,0.65598339,-1.74966311,1.56622577,-0.79971153,-1.60475123,0.21603875,1.84259892
235,0.67034590,-0.63723403,-1.39633787,1.32730186,-2.14055872,-1.57306850,-0.80856615,1.57271111,1.21588290,-0.18566673
236,-0.63480240,0.55684435,0.12336347,1.38229644,-1.26876068,1.56422448,-0.25362870,-0.69741708,-1.57711589,-0.34007886
237,0.53717536,-0.52584183,0.70535588,-1.54392600,-1.07980204,1.56097376,-0.78970402,0.11088954,-0.13810791,-0.08859763
238,0.57247740,-0.62007469,-0.26882213,0.43331352,-1.34105885,1.58541512,0.94354779,-0.41906875,-1.41480637,-0.17477903
239,-0.59550571,0.41314200,0.22368811,-0.87423724,-1.01625717,-1.58480954,-1.07830679,-1.21639311,-0.23041652,-0.19175318
240,0.58625329,-0.58949965,-1.19010735,1.17315722,-0.14072008,-1.57728183,0.92857969,1.56076694,1.92086363,-1.60216224
241,-0.66486752,0.67855018,-0.26502299,1.18301344,-1.57352853,-1.55600035,0.81349397,-2.02967167,-1.57602572,-0.30414486
242,-0.45881492,0.58054763,-0.98211211,0.89517766,0.10985236,-1.58262384,0.52585924,1.58027887,0.70178473,0.55825043
243,0.53925472,-0.53588563,-1.69570136,1.10371101,1.35293412,1.55476689,-0.85779065,-1.62380183,-0.23874651,1.41601467
244,0.22334120,0.55462778,0.29098576,1.08712757,-0.31959298,0.29702666,0.39744467,0.46023244,1.46059668,-1.28716242
245,0.65254951,-0.58327717,-0.20768018,-0.70442945,1.40047467,1.59753907,-2.02148938,-0.29997003,1.60541379,0.18866126
246,0.78314853,-0.79183304,-1.45567000,1.55978251,0.78517395,-1.56899381,0.76639837,-1.57636034,0.37337223,0.14148779
247,0.60109586,-0.50147969,-0.38508499,1.83331656,1.10584354,1.52615666,-2.21358895,-1.83416629,0.23234700,0.14418949
248,-0.61612564,0.60266274,-0.39891776,1.21575260,-1.30457890,1.57847416,-0.77822417,-0.32219961,-1.56463790,-0.32449481
249,-0.46438864,0.50888848,0.39735001,-0.99074954,0.99463814,1.57642972,0.77141005,-1.22057283,1.58943057,0.36751589
250,0.55869168,-0.51858962,0.24557552,-0.77084553,1.13337874,1.57955360,-0.93325990,-1.28781295,1.56276190,0.24762937
251,0.74468172,-0.60587472,-0.16704462,1.28566015,-0.91204685,1.58376634,-1.85601652,1.04772341,1.55353332,-1.25517714
252,-0.61134011,0.60146254,-1.12612545,1.22889149,0.96151096,-1.57793093,-0.59210306,-1.57104766,-1.24968624,-1.61431372
253,-0.63059199,0.67234462,0.75813311,-0.20502929,1.05624640,1.57576513,0.74664736,1.43237913,0.38917464,1.39461887
254,0.28715119,0.83873266,-0.25361466,-1.60722303,0.92655087,0.26360664,-2.05169129,-0.59725654,1.60044575,1.31993639
255,-0.61162037,0.57635391,1.10529304,-1.02294683,-0.76738530,-1.56993759,1.00411177,1.58692336,-1.26639569,-0.12227190
256,-0.37750456,0.51566154,0.44122815,-0.13956876,-1.94051874,-1.58707213,0.60274422,1.42874765,0.47571811,-1.41224742
257,0.65067375,-0.66806507,-1.30297291,1.40387154,0.54760569,-1.55493116,0.80780047,-1.57652164,-1.29910517,1.71314025
258,-0.64020473,0.62308401,0.21458022,1.42407537,-1.15889430,1.57156730,0.64228088,0.38598618,1.58423853,-1.28051579
259,0.41895890,-0.29254630,0.30476078,0.45757818,-0.08441564,-1.55647576,-1.12666440,0.36455792,0.78961426,-0.53798372
260,0.65693176,-0.67513913,-1.35898459,1.36507356,0.72142076,-1.56688762,0.87740529,1.53603172,1.84419894,-1.43242705
261,0.64086837,-0.62323385,-0.17092058,1.03645992,-1.33972633,1.57751071,-2.13252234,-0.35539389,-1.58633327,-0.27368978
262,-0.65214151,0.64126325,0.70379961,-1.26737010,0.60091853,-1.57526326,0.90635782,1.58424902,1.61766970,0.32112804
263,0.50722128,-0.51446426,0.26119494,-1.46210575,-1.08448958,1.59096670,0.57023913,-1.31054318,-1.69685721,1.42855930
264,-0.53243947,0.49928796,0.50818062,-1.60815251,-0.70604038,-1.53774023,0.73780435,-1.36638296,-1.39354181,0.02161999
265,0.43636972,-0.38033730,-0.19488281,0.92805332,-0.07510865,1.59133470,0.99993271,-1.86235499,-0.80266607,0.94287419
266,-0.64897448,0.65476316,1.21147943,-1.29922986,-1.20345020,1.57441330,-0.91343468,-1.56885087,1.23539948,1.61289656
267,-0.54000080,0.54082030,0.28883988,-0.46849740,1.08860278,-1.56290543,-0.94916260,0.32245016,1.48779523,0.17027900
268,-0.53034800,0.56417990,0.23431578,2.03773355,-0.41350436,-1.57347691,0.68480372,0.21721902,1.85736203,-1.71757245
269,-0.69747031,0.71757746,-1.43387806,1.44201791,-0.48230451,-1.58639193,0.65417457,-1.56500411,-0.25054044,-1.71960056
270,0.69179088,-0.67321515,1.24316108,-1.37441742,0.23555095,1.56727886,0.60579807,-1.54808903,1.07538474,-1.38442671
271,0.53298903,-0.53308898,0.18086453,-1.05754447,1.06139839,-1.57311320,-0.83230841,-1.32632053,-1.57501733,0.29522818
272,-0.64827287,0.63511080,1.28477311,-1.22399580,1.55251408,1.57476783,0.92151052,1.59236622,1.85645449,0.08245850
273,0.53590727,-0.53575295,-0.34750289,1.11510336,-1.02536440,1.57105029,-0.75141138,-1.74350190,-1.58618712,-0.27197579
274,-0.17946638,-0.37731245,-0.38210964,0.12275225,2.10901475,-0.34614182,-0.33060840,-1.24289727,-0.84538215,1.39384460
275,-0.23638682,-0.42958856,0.64885557,-1.37755001,1.24141824,0.03043860,-1.56972325,0.69964272,1.55351758,-1.92352068
276,-0.39520764,0.42870644,0.50555032,0.82597369,1.50470352,-1.57087350,0.73966253,0.24715048,-1.35862923,-1.52065432
277,0.62668282,-0.71171212,0.19792242,1.32425940,-1.76415241,-1.56351757,-1.11269879,-1.26008630,1.53138828,-0.29061016
278,-0.83279866,0.84001333,1.63071632,-1.70104110,-1.53473175,-1.57273388,-0.96941876,-1.54942334,-1.86510015,1.46652699
279,-0.62682593,0.64420390,-1.28896654,1.19920743,0.36463153,1.56872368,0.62052864,-1.56344759,-0.46149126,-1.41981912
280,-0.61440474,0.63578689,-1.51874602,0.38781562,1.33081818,-1.58100772,-0.68649679,-0.07806769,1.59969592,0.33319509
281,-0.57893294,0.56556290,0.37283364,1.27609932,1.23609030,1.56799865,-0.92694598,-1.33046865,0.14628699,0.11909678
282,-0.12464935,-0.48663583,0.65341938,0.41047680,-1.60626471,1.43973100,-1.56011522,0.70658165,1.79963136,-1.39296901
283,-0.17932254,-0.48970225,0.75719172,-0.25001326,0.95001006,1.43636179,1.57629037,1.05617070,1.16147673,-1.43759239
284,0.74426514,-0.59493268,-0.16878988,1.51598537,-0.86984116,-1.56060791,1.11259186,1.19086814,-1.55885887,-1.25289202
285,-0.76103473,0.69188279,0.20852663,-0.57252306,1.14486849,1.56758857,-1.01119471,0.42292055,1.39847386,0.14479667
286,-0.40696305,0.43460754,-0.29440793,-1.17072046,-1.27475357,1.55001581,0.98938632,-0.34075049,-0.17232904,-0.15137215
287,0.49471113,-0.53426361,0.23907556,0.85312283,-0.06306879,1.58527565,0.50599122,-1.25240397,0.58289719,-0.46841139
288,0.64606160,-0.68935728,-0.26142254,1.35962284,-1.33017731,-1.56909108,0.87507850,-0.31802604,1.57542312,-0.33993164
289,0.27391055,-0.33082384,-0.29991519,-0.61600763,-0.26157016,1.53261924,-0.59275061,-0.33758634,1.43054235,1.53542638
290,-0.24784432,-0.80155647,-0.51503170,0.17989258,0.65702492,-0.26877636,-0.22475885,0.57985252,2.01259208,0.13118353
291,0.53225487,-0.48594359,1.24174178,1.24555993,0.78249592,1.54840541,-0.81537920,0.18540479,0.23084784,0.21991293
292,-0.69046468,0.67555219,0.49228132,-0.11250964,-1.66125715,-1.56740749,-0.93504554,0.49392155,1.18464267,-0.14719583
293,0.50404066,-0.52776420,-0.50970775,-1.27635765,-1.37718081,-1.57581079,-0.72065187,-0.24890633,-0.21135551,-0.17960313
294,0.56950033,-0.48001316,-0.14972216,-1.23869705,0.87522757,-1.56657362,-0.53340566,-0.41105977,1.58758080,-1.80982375
295,-0.69473720,0.70355785,1.39859033,-1.21682644,1.01081991,-1.56729758,0.91392398,1.57241142,-1.24472713,0.13443346
296,-0.50298619,0.53931212,-0.23646522,-1.23121989,2.46100473,1.57374334,-0.58873874,1.33703160,-0.10835649,0.13070489
297,0.01009555,-0.82063043,0.79248136,1.63790369,-1.46430671,-0.25291243,-1.56517863,0.89607203,1.51227903,-1.26662028
298,0.46658680,-0.51814514,-0.59017348,-0.90787953,0.76574111,1.59045148,-0.71140414,-0.27182367,1.30538762,1.69163156
299,-0.62827539,0.62524825,-0.68044865,1.26708317,-0.59326744,-1.56713212,0.73199975,-1.60238945,1.53377402,-0.35190904
300,0.52343988,-0.53837007,-0.54397035,0.76955456,0.97316360,1.56904459,-0.79053611,1.45356548,0.08575757,1.40181780
301,-0.53660452,0.54555482,-0.78633225,-1.15348804,1.88817108,-1.57061923,-0.87364244,1.53141725,1.43517077,-1.81876457
302,-0.79409534,0.80678070,-1.98548579,-0.49030885,0.26042399,1.56530261,0.77082855,0.00038542,-1.45330453,1.26612890
303,-0.73934883,0.73199481,-1.36046410,1.43060088,-0.08043878,-1.57267356,-0.62276995,1.56993067,0.60517311,-0.27184418
304,1.45632458,-0.61103570,-0.86257607,-1.07985115,1.30448103,-1.52144074,1.58030856,-0.63733160,-1.54089296,0.28935033
305,0.63466871,-0.63375825,1.22419727,-1.19009280,-1.03024590,1.57446778,-0.57660949,-1.56872535,-1.25354207,-0.09164350
306,-0.52974534,0.53319025,-0.30556387,0.61036646,-1.30332744,1.56290460,0.90507221,1.30087757,-1.51136935,-0.18380845
307,0.23319405,-0.65172911,-0.20308380,0.55616140,1.24311745,1.69411886,-0.46329537,-0.59204495,0.20377460,0.18160111
308,0.65311915,-0.62267947,0.19811828,1.29324400,-1.21862388,-1.57030046,-0.87342983,0.31804940,1.55238402,-1.26151752
309,0.62984687,-0.60259753,0.24773423,1.25122809,-1.16715252,-1.57154715,-0.85083282,0.23308840,-1.58808839,-1.28714895
310,0.51992118,-0.47634444,0.54716247,-1.76507616,0.05988535,-1.58014119,-0.83646548,0.22750929,-0.71407878,0.56593418
311,-0.47956377,0.47796500,1.98654318,-1.95318401,-0.38772848,1.57212758,-0.87233752,-1.56283307,-1.48726606,1.64372039
312,-0.64617854,0.56566840,0.16767783,-0.57434279,-2.12943316,-1.57729387,2.02797246,-1.16025054,-0.15573406,-0.14640932
313,0.45957920,-0.33429471,0.34645048,0.78229928,1.27651322,1.53686082,-0.96630490,0.33463141,0.22512738,0.15238100
314,0.19017029,0.47010848,0.43899220,-0.09797879,0.88331741,0.33332878,0.28300110,1.06092083,-0.59697628,0.15018658
315,-0.26711327,-0.88282335,0.28500319,0.72409189,1.51338112,-0.26160866,-1.31566322,0.62771726,0.21204771,0.15789540
316,-0.59002739,0.58981556,-1.19798779,1.03364277,-0.73079962,-1.56306434,0.71894932,1.55279791,1.24187684,-0.15731211
317,0.71329349,-0.70721179,-1.42949545,2.42427039,-0.98148441,1.57138300,0.92101991,1.56154728,0.05663325,0.28781015
318,0.44217771,-0.37382713,0.46287185,0.95423311,1.01339245,1.54758537,-0.83163744,0.25610089,0.20338947,0.20195599
319,-0.64719707,0.65242153,-1.26195943,1.13742948,-0.80881107,1.57132685,0.68404198,-1.57409525,1.24278915,-0.14245009
320,-0.91956788,0.86048204,0.24120858,-1.83913457,1.35732591,1.55441082,-1.11469209,-1.31523860,1.53943276,-1.83295095
321,-0.72797155,0.70364982,1.46135390,0.58547509,-1.93097258,-1.56891382,0.93835354,1.59427857,-0.06318210,-1.24687111
322,0.73788708,-0.72080588,-1.43836379,1.32412958,-1.37767518,-1.57184672,-0.89872557,-1.55961752,1.22664571,-0.11935875
323,0.57814014,-0.54363668,0.41211632,1.10647416,-1.11201358,-1.58350074,0.76051837,1.85299242,1.57467735,-1.26164174
324,0.56645823,-0.61061376,0.14658810,-1.45641327,1.17794466,1.56485987,-1.14927506,0.29134697,-1.57675874,1.26703024
325,0.73601514,-0.71906358,1.34302568,-0.00089614,-1.44036031,1.57357800,0.62117118,0.77924061,0.80227882,-0.32527679
326,-0.25594795,-0.66151607,0.16508645,-0.77348876,1.89581275,-0.29084104,-1.17589080,0.58176899,-1.71065223,-1.74846935
327,-0.54367691,0.51271123,0.98400438,0.74317586,-0.98226452,-1.57841778,0.79714471,-1.40336668,1.55036533,0.25075656
328,0.65858871,-0.68157226,0.18082470,-1.24318743,1.45064235,-1.56640923,0.62112892,0.29322663,1.57118404,0.26751688
329,-0.59109676,0.41464579,0.42023516,-0.64548767,1.28955019,1.56988227,-0.60898721,1.58490014,-0.43340629,0.15891869
330,0.62409323,-0.63244730,-1.16461384,1.29512453,-0.16969910,1.56856978,0.94884437,1.54911518,-0.96939903,1.28155422
331,0.07794191,-0.63071585,0.70935774,1.29038846,-1.40568769,-0.92501885,-1.56360137,-0.95804375,-1.57717919,-0.33156970
332,0.12804569,-0.40943474,0.62115055,0.29660791,0.69847512,-1.19047487,-1.55454159,0.47593641,0.32983491,0.15681383
333,-0.20738296,-0.45958287,-0.44298181,0.12829061,-1.12116241,-0.33003470,-0.30850321,-1.06685030,0.57528591,-0.14030772
334,-0.23971915,-0.67863452,0.20938078,1.24337327,-0.70303863,-0.29098827,1.94959533,0.71351957,-1.56223023,-1.36750448
335,0.70346421,-0.64769959,-0.15077280,-1.08580542,1.31898534,1.57610118,-2.00646091,-0.29109609,1.54483533,0.34993777
336,0.63373029,-0.61011147,-1.17814302,1.13836706,-0.30314398,1.55574501,-0.96855998,1.56516337,1.33463049,-0.11684968
337,0.19130187,0.78183144,-0.45486295,-0.25723204,0.20837921,0.35550138,1.46104336,1.03272331,-0.67529613,-1.18973505
338,0.71873945,-0.70969683,1.26636076,-1.37524521,0.07851402,1.57047009,0.64221376,1.58860707,-0.63436162,0.31598359
339,-0.59128290,0.59504682,0.01063481,1.18415225,-1.21018851,1.56600630,0.31858382,-1.26745272,-1.57742703,-0.30367756
340,0.58097607,-0.59326905,0.39626107,1.24609685,1.49851394,1.57235396,0.69201857,1.79591036,0.13442972,0.14010753
341,0.59038579,-0.83413130,0.29285878,0.74608701,-1.41701007,-1.59827459,0.31768104,0.54332447,1.50581312,-0.25398549
342,-0.70687360,0.51821399,0.45019096,-0.26492539,1.91189837,1.62862611,0.27902922,-0.27059340,-0.83952993,-1.74605322
343,-0.19418424,-0.44813067,-0.30599913,-0.65957302,-1.17003739,-0.33450320,-0.38061553,-0.41172677,-0.23131454,-0.18539296
344,0.58939087,-0.60719991,-0.25392964,1.22567892,-1.20025885,-1.58118904,0.80305541,-0.25520453,-1.56303144,-0.31167951
345,-0.55334622,0.46982720,-0.27169585,-0.99335116,0.97435671,-1.56817496,0.85573190,-0.31908557,-1.53649473,1.20354486
346,0.54526067,-0.55802345,-0.36740232,-0.98695737,-1.25488496,1.56472337,-0.62776625,-0.25247964,-0.17743266,-0.14983664
347,0.68401933,-0.56422728,-0.15069844,0.41946638,-0.52198631,-1.57710075,1.00313127,1.15976930,-1.32638168,1.41206264
348,0.04300249,-0.63491315,0.65538347,-1.19894731,1.32798254,0.77500230,-1.57414925,-0.62692183,1.53726017,0.32286653
349,0.56616199,-0.55374986,1.01359618,-1.14719367,1.15170979,1.55721021,0.61085838,1.54764962,-1.91628957,-1.70731175
350,0.58305019,-0.61251092,0.32055539,-0.82607710,1.33600163,1.58111060,0.68277943,0.23040387,-1.61078286,0.19107693
351,0.58076811,-0.69354385,0.25197747,-0.69902760,-0.79102999,1.59356499,0.82926351,-1.41263962,-0.29398817,-0.18216898
352,0.69603443,-0.57893330,1.14436531,1.32940519,-0.50545013,1.55743587,-0.84395772,1.40740752,-0.39742389,-1.36069083
353,0.63603199,-0.59753627,-0.15236081,-1.25282538,1.08770633,1.58489692,1.07684422,1.17150867,1.55862880,1.24052751
354,0.85463053,-0.84086919,-0.04164753,-1.70936847,1.67046070,1.56948936,0.85928714,1.40417004,1.56701779,-1.91360307
355,-0.51586187,0.49610436,-0.31225139,-1.02525985,1.02999115,-1.57124519,-0.75625980,1.29066360,-1.57620752,1.24523997
356,0.36715186,-0.36885750,-0.33619699,1.44900715,-2.26264763,-1.57566452,-0.65917355,-0.21751034,0.16502500,-0.17491803
357,-0.52868587,0.53467536,-0.29969996,1.07796645,-1.07505810,1.56868327,-0.76868236,-0.26876307,1.55921423,-0.28222933
358,-0.63298857,0.62193376,-1.22353268,-0.01325815,1.27820861,1.57022846,-0.62677032,0.52681476,1.02562225,0.30982092
359,-0.01908482,0.48782799,-0.50216877,0.33743805,0.93873829,-2.10154462,1.58432281,0.58038604,1.83650494,0.16299270
360,0.57452166,-0.57569665,0.85792589,-1.37407756,-0.72167408,-1.58633006,0.78018880,-1.50736415,-0.27135387,-0.18872666
361,-0.66867530,0.69116265,1.14402378,-1.34672475,0.07992003,1.57714713,-0.93046737,-1.55362558,-0.89571136,0.57759440
362,0.54943502,-0.65070605,0.33243906,-0.07743808,-1.34966648,-1.56139231,0.50129837,-0.45773557,-0.85764045,-0.15338394
363,0.36462936,-0.50007552,0.16228865,-0.55337149,-2.02804232,-1.56776118,0.74406636,-1.38653517,-0.40494651,-0.21524748
364,0.69454318,-0.67094952,1.36818433,-1.10619807,-0.05496019,-1.56808090,-0.67840916,1.56489623,-0.78607762,-0.45823580
365,-0.09153074,0.58102107,-0.50270307,0.27180442,-1.75542855,1.29608512,-1.58827877,-0.96227962,-1.25225282,-1.38185966
366,-0.59322149,0.68704993,-1.39017987,1.16119909,-1.02235889,1.60070372,0.38209897,-1.58895385,-0.51027250,1.73793495
367,-0.55575120,0.73896682,-0.19300698,-1.30882442,0.26310843,1.58883882,-0.31281185,1.02977681,-1.21043003,1.26399505
368,0.49906269,-0.46371502,0.36227342,1.05386341,-0.80830169,1.56253636,-0.85107499,0.31770992,1.55147994,-1.27054667
369,-0.74732924,0.74834907,-1.28711450,1.32731628,-0.82245296,1.56999183,-0.62257934,1.53956234,0.23533922,-0.16056137
370,0.20015123,0.63827908,0.49488518,0.56641555,-0.19970357,0.27652934,0.18775555,0.29821914,1.31160545,-0.90634918
371,0.58880740,-0.58118391,-0.26243553,0.84102976,1.86316872,1.58576953,0.98558062,1.29081714,-1.37255251,-1.36101103
372,0.43975163,-0.42354161,-1.17119181,1.98140883,-1.95729256,1.54041266,-0.74234337,1.40853059,-1.40511870,0.17267630
373,-0.65804809,0.64710695,-1.26997888,1.31318748,-0.65781885,1.56667304,-0.69600564,-1.58362806,-1.12094724,1.45455158
374,-0.56929463,0.56513196,0.28832477,1.18141365,-0.85473698,1.55240023,2.26442122,-1.31243145,1.55954850,-1.36210108
375,0.03285075,0.63546163,-0.64499509,-1.22236466,1.09077954,-1.60173464,-1.57560265,-1.00322354,1.58723354,-1.89268351
376,-0.41227701,0.45898515,0.31485531,0.76919627,0.84170884,1.56676400,0.69843048,0.21778490,-1.40268660,1.48667145
377,-0.68823230,0.69088900,1.39895689,-1.41949844,0.51210093,-1.58115602,0.87301904,-1.59434617,0.22701229,1.73490238
378,-0.77500755,0.74288976,0.20567238,-1.44354606,1.55208039,1.56346524,-0.92635143,0.30304673,-1.55903757,0.28929165
379,-0.58740306,0.58773011,1.14739525,-0.99355018,0.70251673,-1.57017457,0.98124391,1.56528282,-1.26217759,0.13799824
380,-0.59638256,0.60158992,-1.21108735,1.13108063,-0.79807454,1.57390893,0.68406928,-1.57305908,-1.94030583,-0.11685098
381,0.57921928,-0.57063991,-1.21485996,1.12470603,-2.03560472,1.56525731,-0.99892801,-1.58140981,1.16146624,-0.11990057
382,0.59335291,-1.55612957,0.98497790,-1.21686721,1.05918229,1.56366456,-0.00268248,-0.94839835,1.57725620,-1.84988654
383,-0.53839719,0.55166209,0.64335966,0.94354868,0.99111509,-1.56892753,0.79322779,0.16387659,0.16268112,0.13195495
384,0.36882052,-0.51922441,0.09337792,-0.47871903,1.80142236,-1.55419731,0.63205111,1.84564292,-0.31066081,0.21977410
385,0.72430295,-0.70001960,1.40724194,0.17706873,-1.61525631,-1.55060673,-0.63998628,1.55482674,0.00673660,-1.27050483
386,-0.48904198,-0.00958200,0.49488702,2.14898038,-1.15564215,0.15711190,1.44074523,-0.79933912,-1.74410903,-0.16870973
387,-0.47479275,0.43912026,-0.36144570,0.87907910,-0.93149239,1.56860578,0.82647115,1.28787565,1.55812740,-0.28701219
388,-0.68605912,0.72732419,-0.42297140,0.86829436,-0.78012311,1.57194626,0.82222551,-0.22148632,1.75194108,1.42004097
389,0.61258984,-0.54361874,-0.16595389,-1.26325834,0.85141808,-1.55885458,1.00902522,1.21477938,1.60332882,-1.76463783
390,-0.57477063,0.42616975,0.22427782,0.45250222,0.83579886,-1.57780814,1.85718715,-1.12690330,0.19383031,0.16172811
391,0.48717114,-0.51490170,-0.32516369,-0.93528980,1.00960326,1.57706416,0.87895906,-0.42389816,1.56341636,-0.34934822
392,-0.18584654,0.61472028,0.56839496,0.33323732,-0.94914073,-1.72907543,0.21313669,0.43157470,-1.11991632,1.42546928
393,0.18866602,1.06571174,-0.79591191,-0.30397603,0.19811814,0.35504186,1.51711726,1.08959281,-0.80832565,-1.06591833
394,0.55041265,-0.67475659,0.31895474,2.08981800,-0.13113526,1.56503272,0.49579632,-1.15496600,0.87772906,-0.65178108
395,-0.40798345,0.76094514,-0.30934823,0.33855435,1.33306766,-1.55504930,-0.12768357,0.73738915,-1.36113858,-1.71312976
396,-0.58901882,0.57599527,1.22198153,-1.07359946,-0.37861866,-1.58125830,1.01152456,1.58498919,0.46513906,-1.75535238
397,-0.59550357,0.61300653,1.71037066,-1.21524990,-0.54824990,-1.57954848,-0.90873915,-1.53728366,1.57504237,-1.91067803
398,-0.65359861,0.65564930,-1.25643218,0.44910383,0.86395353,-1.56953990,-0.68357068,1.58908606,-0.01392089,0.34282956
399,-0.57026613,0.56592846,1.17548609,-0.75569069,-0.07820275,-1.56841779,0.89700812,-1.56756091,-0.96628016,-0.38477424
400,-0.49202171,0.47457665,0.19379510,-0.77280712,1.13450968,-1.57429039,0.59642631,-1.17042899,-1.61653888,0.27159461
401,-0.71005523,0.64751595,0.16100141,-0.01835102,-1.15695417,-1.58346677,1.99186826,0.68881196,-0.28056657,1.40242290
402,-0.50500542,0.44518378,0.24860516,-0.89801407,-1.01587868,-1.58232045,-0.98244745,-1.36715794,-0.22286183,-0.16244166
403,-1.43648314,1.43415523,1.06304526,-0.96494091,2.01603842,1.58095551,1.00725782,-1.54318464,-1.31271255,1.36183608
404,-0.50049984,0.45107335,-0.23059261,-0.93720794,0.90734816,1.57012641,0.83832985,-0.33495826,1.57629657,1.23752451
405,0.64763170,-0.56134951,-0.13806114,-1.01617074,2.31678200,-1.55714893,1.14832115,1.16509247,-0.10841490,0.11216373
406,0.31628853,-0.09238175,0.45947894,0.36641052,-2.30321932,1.37966633,-0.96037292,0.41098082,-1.24979544,-1.35994005
407,0.55528289,-0.50607008,-0.19590348,1.34926379,0.88440841,-1.55105281,1.13700867,1.24774337,0.17341070,0.13362028
408,-0.66619617,0.66279566,-1.32169056,1.27663195,1.78686225,-1.56920624,0.64406621,-1.56354547,1.25412643,0.08388068
409,-0.44948348,0.45323130,0.60929698,0.93749774,1.04640853,-1.55036318,0.65073782,0.25497240,0.19999771,0.16504331
410,0.43982974,-0.48315525,-0.56616586,-1.07948565,-1.01628137,1.57405496,-0.79921448,-0.18606213,-0.17299612,-0.16229108
411,0.66786236,-0.66182977,1.18736386,-1.34732592,-1.82466996,-1.56951451,0.70853961,-1.58887088,1.19560003,1.70056653
412,0.51296079,-0.51019031,-0.88155788,1.94899333,1.16466427,-1.57428193,-0.78490037,-0.11932037,0.17506292,0.14599602
413,0.82272959,-0.82017767,-1.43403625,1.52120304,-1.59242356,-1.57124996,0.93763703,-1.55820882,0.35261700,-0.12785450
414,-0.71380615,0.68658227,-1.23840189,0.05332158,1.45386600,1.57345355,-0.69258928,0.18151572,1.40993059,0.29395127
415,0.00902307,-0.41458282,0.46303654,0.46833575,1.13084674,0.98300081,1.55976951,0.78239959,0.27225611,0.14991218
416,-0.58185440,0.59771097,1.05209899,-0.02427180,-1.21928740,-1.57758462,-0.92197949,0.59452093,1.00534308,-0.26487511
417,-0.44067550,0.49258268,-0.10383110,-0.80486846,1.95881951,-1.56989324,-2.01819229,-0.36445215,-0.12639496,0.10829214
418,-0.43026477,0.50082457,0.37630081,-1.66709483,-0.10667942,-1.57092321,0.67593569,1.85788035,-0.64082378,-0.73226219
419,-0.50841439,0.50080949,1.78347862,0.74636871,-0.84312052,1.59980154,-0.80585665,0.19101566,-1.64193094,0.13050035
420,-0.50774175,0.52292389,0.82801032,0.56569618,1.85877120,1.58337808,0.77681863,1.61077178,-0.23910819,1.41322148
421,-0.29572555,0.65007079,-0.18812342,0.50100154,0.89668483,1.48667645,-1.81459582,0.85126597,1.81698191,0.17789686
422,0.56223369,-0.54160637,0.53158611,1.09573102,-1.10128367,1.56882155,-0.84468585,0.38032532,-1.56934917,1.98813379
423,-0.71679699,0.70131093,1.18030369,-1.51113439,-1.08113730,1.58916569,-0.92889076,-1.48871088,-0.31096756,-0.16384442
424,0.38146716,-0.39599615,0.31093732,-0.07191631,2.22929263,1.59035254,-0.94368881,0.52338982,-0.21514937,0.16732532
425,-0.46786037,0.39912871,0.52248925,1.04175830,1.17238724,-1.50083029,0.76313186,0.24677229,0.25251472,0.16099432
426,0.46182379,-0.54262882,0.17367151,-0.41880631,0.99627894,-1.56664300,0.50406361,0.43688342,-1.65728426,0.16372839
427,0.51577687,-0.49775237,1.27703631,0.97217578,-1.11249268,-1.58165920,0.82864404,-0.23149161,-1.62360680,-0.27543494
428,-0.57993948,0.57216704,-1.10114360,1.14138961,0.93654406,1.56958008,-0.55481559,1.57261252,0.26997709,0.04829734
429,-0.61825359,-0.00084869,0.64151812,-1.30605435,1.18476927,0.25530633,1.31840515,0.69928634,1.56488872,1.23308527
430,-0.23102780,-0.72341400,0.29895681,-1.39231026,0.99709010,-0.30668259,-1.37005210,0.60639435,1.54757357,1.30328619
431,0.20084544,0.54272556,0.44258174,-0.11754097,-0.60585082,0.31000674,0.25681499,1.03783178,-2.01939821,1.43283105
432,0.74067575,-0.71717244,-0.16278544,1.37152064,-1.47455716,1.56947625,0.89714754,-0.36041579,-1.57151043,-0.28729028
433,-0.55979055,0.57468259,0.27098730,-0.63719046,1.09440291,1.56520247,-0.84901994,0.41931430,1.50334752,0.29799226
434,-0.62281066,0.62300658,0.53854215,1.24954391,1.44436157,1.56921828,2.29649496,-1.43023121,0.11293493,0.13454317
435,0.72936702,-0.75737339,-1.25147712,1.32162642,-0.57859111,1.56375062,0.96852720,-1.57758605,0.37526023,-0.14824110
436,-0.44296178,0.49551126,0.36076659,0.99497861,-1.00662649,1.56990993,0.70022327,0.35125247,-1.58473086,-1.13048732
437,0.49105301,-0.50331390,-0.48367429,1.40064466,1.17412376,1.56926620,-0.74182320,-0.10763334,0.14228803,0.12250084
438,0.09010142,0.73862320,-0.66915548,1.39157605,-1.32962251,2.16512990,1.57744479,-0.61260772,1.60318315,-1.24664974
439,0.33231786,-0.52224064,1.29196119,-0.24615267,0.49757189,1.80041635,-1.53518105,-0.45821163,-0.60061479,-1.41111279
440,0.72947472,-0.72350585,-0.01700037,-1.44081831,1.41797662,-1.56763649,-0.83112812,-0.07398029,-1.54789066,-1.90633750
441,-0.51376295,0.52757198,-1.77748716,-1.00599396,1.00144279,-1.57896578,-0.78769660,1.73539484,-1.55693448,1.74406338
442,0.69950527,-0.69210500,1.35751367,-1.20669937,-0.11907346,-1.57390845,-0.70339358,-1.58492887,-0.95262206,-0.28293207
443,0.89722389,-0.80411750,0.33855367,0.85936016,-0.28484568,-1.57091355,-1.10737944,0.24594997,-0.75012928,0.29032013
444,-0.36474207,0.44838560,0.48958507,-0.11365347,-1.87423491,-1.57383978,0.65750331,-1.76259065,2.10994601,-0.20447944
445,0.69359034,-0.69414926,1.45980787,-1.09776950,-0.09481441,1.58426833,-0.75892752,-1.54277611,-0.32644352,2.22787118
446,0.31887171,-0.25448963,1.65556920,-1.59671199,0.81218046,-1.59247398,0.75999409,1.60875535,-1.07534969,1.40480137
447,0.17702681,0.54420733,-0.10937446,0.44539988,0.71110433,0.34106910,-1.88476634,2.36997151,0.27709863,0.15771590
448,-0.68124676,0.67250341,1.36872387,-1.35111547,-0.98777831,1.57091808,0.94145864,1.56774569,0.38028345,-1.66748548
449,-0.61794341,0.52716219,0.21172808,0.97211921,1.27143383,-1.60303319,-1.14847088,-1.12846148,0.21899717,0.14874962
450,0.13104364,0.57798570,-0.32700893,0.44013849,-1.49897718,0.36892799,1.49439526,-0.86565453,0.17949183,-0.14329678
451,-0.72535259,0.71831548,0.19453488,1.08221042,-2.49132586,1.56501734,-0.95369226,-1.38880408,0.11406457,-0.13722239
452,0.77020293,-0.69705409,-1.43731415,1.62068033,0.65149730,1.56173277,0.83560777,1.51392806,-1.33192956,-1.38412249
453,0.57517046,-0.58805829,-0.94539291,1.11797404,0.57811683,-1.57862175,1.00712943,1.55445969,0.25133249,0.16701117
454,0.69252902,-0.72424942,0.24628775,-0.76856494,1.48436475,-1.55946887,0.65513337,0.32274219,-1.72492576,0.17580386
455,-0.66121858,0.65832812,1.34579623,-1.27658856,-0.29526344,-1.56879342,0.95571667,1.55785453,0.47830480,-1.73872328
456,-0.58069277,0.58621246,1.16881907,-1.12564945,-1.04597652,1.58395255,0.89158428,1.57217848,0.30151379,1.63220763
457,-0.59743685,0.60719949,-0.28087384,-0.95012659,1.19433272,-1.56855237,0.70153064,-0.03180855,-1.55897999,1.23361111
458,0.65204805,-0.69142020,-0.30671850,1.32795310,-1.35893154,1.56495023,-0.73138815,1.24234557,-1.56743455,-0.32660276
459,-0.24857777,-0.60304779,0.20229173,0.47797370,-1.68154073,-0.29872850,1.84871912,0.61082906,-1.35433578,-1.40801942
460,0.04651370,0.60079968,-0.54835635,1.14596689,-1.16971242,0.67111367,-1.57340217,0.55541110,1.57044101,-0.29434079
461,0.56742013,-0.57246941,-0.41285068,1.59191501,-1.10265350,-1.56532848,-0.59815294,-0.06146819,1.56921256,-1.26962924
462,-0.37875408,0.39745432,0.38754770,0.90730470,-0.09540976,1.57668102,0.72734022,0.27089652,1.05931866,-0.90486139
463,-0.39589018,0.45304993,0.22848845,-0.85318214,0.83846200,1.56624699,0.74000579,-1.22807622,-1.56088853,0.34491012
464,0.42408723,-0.33465970,0.41802508,-1.57150161,0.09001917,-1.59891343,-0.90902799,0.25472492,-0.65009350,0.50051725
465,-0.40132403,0.44160709,0.34930703,-0.66023624,0.92416298,-1.56545830,0.72842246,-1.30520618,-1.56432593,0.22841281
466,0.63617617,-0.63540858,1.25796008,-1.20979476,2.36595392,-1.57678747,-0.62175286,1.57133651,-1.24395156,0.10292567
467,-0.40905324,0.41413757,0.95183080,1.17656720,0.90881282,1.59704590,0.70036995,0.23628458,0.25023803,0.19477233
468,-0.45650336,0.48305514,-1.05567575,0.07734055,-1.29334795,1.57625413,0.71413308,-0.92003238,0.86993265,-0.23823822
469,0.52233410,-0.54126042,-0.39988443,-1.17037737,-1.44821167,1.57481265,-0.72353041,-0.22457959,-0.16309021,-0.13466921
470,0.55414444,-0.73193198,0.17635307,-0.50195849,-1.18610787,-1.52375638,0.52797508,0.47914818,1.28796327,-0.14937767
471,-0.20184058,0.97757149,-0.60482430,0.22676754,-0.29001591,-0.16376992,-1.66595149,1.91378176,-0.85453373,1.29470849
472,0.26042241,-1.30569685,-0.24295965,0.31920165,-0.29137328,0.18971543,1.78947246,0.94470000,-0.66578013,-1.31748390
473,-0.65149277,0.58387291,0.24596202,0.86327362,1.33847415,-1.59938192,-1.06584799,-1.20278120,0.17334867,0.15872209
474,0.66183490,-0.65288192,-1.25058711,1.21442735,0.99283701,1.57578111,-0.83756733,-1.57849610,1.18072629,0.08864111
475,-0.72497904,0.72871971,1.49032474,-1.44996631,0.49476478,1.57240915,-2.25902724,-1.59486854,0.23795572,-1.40543187
476,-0.52075583,0.51755112,2.64493918,-1.30071104,-2.08280492,1.57936454,-0.76818204,1.43796420,-0.11856148,0.08368240
477,-0.56836206,0.53830165,0.25675115,-0.90538025,1.23694456,-1.55577421,0.69243860,-1.24483812,-1.58204484,0.27017909
478,0.57379597,-0.59421295,-0.89908040,1.15630674,0.74284756,-1.56537557,1.02826095,-1.54903960,0.33480024,0.20384122
479,-0.64521623,0.64444345,1.32783794,-1.28662801,-2.00617003,-1.57466364,-0.96252573,1.55062854,-0.31572604,-0.07959166
480,-0.43796712,0.34790501,-0.37675235,0.05615717,-0.93544608,1.58410919,0.86888421,-0.81402206,2.07871366,-1.43760562
481,-0.27987742,0.05759066,-0.53976488,-0.38797921,-0.97350520,0.74796802,-1.13398337,-0.45572227,-0.34881029,-0.17035352
482,0.54738063,-0.56113154,-0.58167195,-0.97435629,-1.03077483,-1.57197213,0.87894970,1.37832248,-0.14644471,-0.12245289
483,0.46667570,-0.57523006,0.17528363,0.78266323,1.17485738,1.56488907,0.35414946,-1.10912740,0.19319916,0.15660809
484,0.46896937,-0.49353105,-0.52926457,-0.94904000,0.90466636,-1.57061720,-0.74855042,-0.38016564,-1.55224907,1.16816330
485,0.56879079,-0.55302548,-0.18883675,1.06650722,-1.20675981,-1.55602658,0.97133708,-0.24775237,-1.60673630,-0.29693532
486,-0.65204507,0.66810089,1.18369889,-1.22378623,-0.45732069,-1.58364451,-0.94168383,1.56418610,-0.25050801,-0.12707017
487,0.71082032,-0.68751538,1.24269128,-1.50390041,0.08669730,-1.57512438,0.62753087,1.58190536,0.51752877,-0.83008647
488,-0.60306025,0.47638026,0.17698416,-0.58625436,-0.32365867,-1.58103478,-1.08803821,0.46351492,-0.29749408,-1.35552776
489,0.69469196,-0.50176269,-0.21923077,0.78554726,-0.45133448,1.53449619,1.13663757,-0.62347591,-0.00683085,1.83658063
490,-0.63947910,0.62287962,1.18534577,-1.06325054,0.79584074,1.57691777,0.99088919,1.57742751,-1.23422921,0.11510997
491,0.66927218,-0.65863466,1.18753040,-1.32056212,-0.90946591,1.58104277,0.69106847,-1.55713975,-0.35606551,-0.11123200
492,0.67460847,-0.65485096,-0.14883456,-1.28122485,1.59911275,-1.57479727,-0.55131692,1.41964185,-1.56522715,0.32572654
493,0.50204784,-0.53527415,0.15403205,-1.21453547,2.39377785,-1.55993485,-1.03749382,1.86785245,-0.13427600,-1.46590161
494,0.63662285,-0.62896079,1.19804621,-1.25022960,1.76883018,-1.57769990,0.66135705,-1.57121098,-1.88184071,1.48814666
495,0.21813889,0.44517216,0.47357523,-0.19485666,1.30070090,0.31503180,0.39164394,1.41843390,-0.92404944,0.15326305
496,0.66081148,-1.17599416,0.51284617,-1.22216320,-2.90595913,1.57025445,0.01290067,0.79807979,-0.09547903,-1.74015450
497,-0.45803320,0.49632052,0.25574362,-0.97193098,0.95821321,1.56674099,0.75357616,1.89468348,1.56935978,0.30985406
498,0.57081145,-0.57506168,1.01060557,-1.75361514,-1.08083653,1.56002378,-0.76055998,0.12739013,-0.16791415,-0.13745242
499,-0.56233662,0.56768209,0.69577539,1.11774409,-1.17310441,1.56562686,0.76197404,-1.32193756,1.63859761,0.23550543
